Actual,Predicted
0.5,0.3261931818181818
0.46875,0.6425
0.03125,0.1096875
0.5,0.3427556818181818
0.71875,0.40832386363636347
0.09375,0.3271875
0.3125,0.3225
0.40625,0.4253125
0.46875,0.4560511363636363
0.90625,0.40110795454545445
1.0,0.774375
0.4375,0.33375
